{
  "config_name": "baseline",
  "config": {
    "batch_size": 16384,
    "linger_ms": 0,
    "compression_type": "none"
  },
  "test_timestamp": 1759877880.6937733,
  "metrics": {
    "transaction_submission": {
      "total_transactions": 5000,
      "confirmed_transactions": 5000,
      "duration_seconds": 0.715111255645752,
      "throughput_tps": 6991.919034311598,
      "avg_submission_time_ms": 365.33201613426206,
      "p95_submission_time_ms": 678.1781911849976
    },
    "block_formation": {
      "num_peers": 1,
      "total_blocks_created": 50,
      "total_transactions_processed": 5000,
      "duration_seconds": 0.4666762351989746,
      "avg_block_formation_time_ms": 1.9337272644042969,
      "avg_tx_finality_time_seconds": 0.009333524703979492,
      "blocks_per_second": 107.14066033099313,
      "peer_metrics": [
        {
          "peer_id": "peer0",
          "blocks_created": 50,
          "transactions_processed": 5000,
          "chain_length": 51,
          "avg_block_formation_time_ms": 1.9337272644042969,
          "pending_transactions": 0
        }
      ]
    },
    "end_to_end_latency": {
      "num_samples": 100,
      "avg_latency_ms": 103.30445051193237,
      "p50_latency_ms": 102.87797451019287,
      "p95_latency_ms": 104.1630506515503,
      "p99_latency_ms": 0,
      "min_latency_ms": 100.9836196899414,
      "max_latency_ms": 130.4924488067627
    }
  }
}