{
  "config_name": "config_1_rep1",
  "config": {
    "batch_size": 16384,
    "linger_ms": 0,
    "compression_type": "none"
  },
  "test_timestamp": 1759875882.9506478,
  "metrics": {
    "transaction_submission": {
      "total_transactions": 5000,
      "confirmed_transactions": 5000,
      "duration_seconds": 0.7410542964935303,
      "throughput_tps": 6747.143932176976,
      "avg_submission_time_ms": 362.9697782039642,
      "p95_submission_time_ms": 548.8026022911072
    },
    "block_formation": {
      "num_peers": 1,
      "total_blocks_created": 50,
      "total_transactions_processed": 5000,
      "duration_seconds": 0.43826937675476074,
      "avg_block_formation_time_ms": 1.767420768737793,
      "avg_tx_finality_time_seconds": 0.008765387535095214,
      "blocks_per_second": 114.08508705361393,
      "peer_metrics": [
        {
          "peer_id": "peer0",
          "blocks_created": 50,
          "transactions_processed": 5000,
          "chain_length": 51,
          "avg_block_formation_time_ms": 1.767420768737793,
          "pending_transactions": 0
        }
      ]
    },
    "end_to_end_latency": {
      "num_samples": 100,
      "avg_latency_ms": 103.51007223129272,
      "p50_latency_ms": 103.29318046569824,
      "p95_latency_ms": 104.67222929000854,
      "p99_latency_ms": 0,
      "min_latency_ms": 102.32782363891602,
      "max_latency_ms": 115.86856842041016
    }
  }
}