{
  "config_name": "high-throughput",
  "config": {
    "batch_size": 131072,
    "linger_ms": 25,
    "compression_type": "none"
  },
  "test_timestamp": 1759877926.2143378,
  "metrics": {
    "transaction_submission": {
      "total_transactions": 5000,
      "confirmed_transactions": 5000,
      "duration_seconds": 0.5758681297302246,
      "throughput_tps": 8682.543349537917,
      "avg_submission_time_ms": 281.677871465683,
      "p95_submission_time_ms": 540.9901022911072
    },
    "block_formation": {
      "num_peers": 1,
      "total_blocks_created": 50,
      "total_transactions_processed": 5000,
      "duration_seconds": 0.5438168048858643,
      "avg_block_formation_time_ms": 1.8131494522094727,
      "avg_tx_finality_time_seconds": 0.010876336097717286,
      "blocks_per_second": 91.9427269455087,
      "peer_metrics": [
        {
          "peer_id": "peer0",
          "blocks_created": 50,
          "transactions_processed": 5000,
          "chain_length": 51,
          "avg_block_formation_time_ms": 1.8131494522094727,
          "pending_transactions": 0
        }
      ]
    },
    "end_to_end_latency": {
      "num_samples": 100,
      "avg_latency_ms": 128.86027097702026,
      "p50_latency_ms": 128.72838973999023,
      "p95_latency_ms": 130.17864227294922,
      "p99_latency_ms": 0,
      "min_latency_ms": 127.50077247619629,
      "max_latency_ms": 134.52935218811035
    }
  }
}