{
  "config_name": "baseline",
  "config": {
    "batch_size": 16384,
    "linger_ms": 0,
    "compression_type": "none"
  },
  "test_timestamp": 1759418946.2337818,
  "metrics": {
    "transaction_submission": {
      "total_transactions": 5000,
      "confirmed_transactions": 5000,
      "duration_seconds": 0.707324743270874,
      "throughput_tps": 7068.888862672265,
      "avg_submission_time_ms": 355.9979474067688,
      "p95_submission_time_ms": 665.1145458221436
    },
    "block_formation": {
      "num_peers": 1,
      "total_blocks_created": 50,
      "total_transactions_processed": 5000,
      "duration_seconds": 0.7650120258331299,
      "avg_block_formation_time_ms": 1.8035507202148438,
      "avg_tx_finality_time_seconds": 0.015300240516662598,
      "blocks_per_second": 65.35844968652346,
      "peer_metrics": [
        {
          "peer_id": "peer0",
          "blocks_created": 50,
          "transactions_processed": 5000,
          "chain_length": 51,
          "avg_block_formation_time_ms": 1.8035507202148438,
          "pending_transactions": 0
        }
      ]
    },
    "end_to_end_latency": {
      "num_samples": 100,
      "avg_latency_ms": 104.3604040145874,
      "p50_latency_ms": 104.26747798919678,
      "p95_latency_ms": 105.08064031600952,
      "p99_latency_ms": 0,
      "min_latency_ms": 103.38377952575684,
      "max_latency_ms": 107.23233222961426
    }
  }
}