{
  "config_name": "high-throughput",
  "config": {
    "batch_size": 131072,
    "linger_ms": 25,
    "compression_type": "none"
  },
  "test_timestamp": 1759418991.7403438,
  "metrics": {
    "transaction_submission": {
      "total_transactions": 5000,
      "confirmed_transactions": 5000,
      "duration_seconds": 0.5017654895782471,
      "throughput_tps": 9964.814447886181,
      "avg_submission_time_ms": 244.0616994380951,
      "p95_submission_time_ms": 461.80286407470703
    },
    "block_formation": {
      "num_peers": 1,
      "total_blocks_created": 50,
      "total_transactions_processed": 5000,
      "duration_seconds": 0.5542025566101074,
      "avg_block_formation_time_ms": 1.8381023406982422,
      "avg_tx_finality_time_seconds": 0.011084051132202148,
      "blocks_per_second": 90.21972093711578,
      "peer_metrics": [
        {
          "peer_id": "peer0",
          "blocks_created": 50,
          "transactions_processed": 5000,
          "chain_length": 51,
          "avg_block_formation_time_ms": 1.8381023406982422,
          "pending_transactions": 0
        }
      ]
    },
    "end_to_end_latency": {
      "num_samples": 100,
      "avg_latency_ms": 130.09915113449097,
      "p50_latency_ms": 129.74941730499268,
      "p95_latency_ms": 130.8170199394226,
      "p99_latency_ms": 0,
      "min_latency_ms": 128.3261775970459,
      "max_latency_ms": 162.08982467651367
    }
  }
}