{
  "config_name": "config_1_rep1",
  "config": {
    "batch_size": 16384,
    "linger_ms": 0,
    "compression_type": "none"
  },
  "test_timestamp": 1759875595.9650486,
  "metrics": {
    "transaction_submission": {
      "total_transactions": 5000,
      "confirmed_transactions": 5000,
      "duration_seconds": 0.7893712520599365,
      "throughput_tps": 6334.155173439674,
      "avg_submission_time_ms": 408.2886907100677,
      "p95_submission_time_ms": 680.0685286521912
    },
    "block_formation": {
      "num_peers": 1,
      "total_blocks_created": 50,
      "total_transactions_processed": 5000,
      "duration_seconds": 0.4344010353088379,
      "avg_block_formation_time_ms": 1.7969131469726562,
      "avg_tx_finality_time_seconds": 0.008688020706176757,
      "blocks_per_second": 115.10101481331057,
      "peer_metrics": [
        {
          "peer_id": "peer0",
          "blocks_created": 50,
          "transactions_processed": 5000,
          "chain_length": 51,
          "avg_block_formation_time_ms": 1.7969131469726562,
          "pending_transactions": 0
        }
      ]
    },
    "end_to_end_latency": {
      "num_samples": 100,
      "avg_latency_ms": 104.05710458755493,
      "p50_latency_ms": 103.92308235168457,
      "p95_latency_ms": 105.49802780151367,
      "p99_latency_ms": 0,
      "min_latency_ms": 102.77009010314941,
      "max_latency_ms": 108.36577415466309
    }
  }
}