{
  "config_name": "config_5_rep5",
  "config": {
    "batch_size": 131072,
    "linger_ms": 0,
    "compression_type": "none"
  },
  "test_timestamp": 1759876826.2175398,
  "metrics": {
    "transaction_submission": {
      "total_transactions": 5000,
      "confirmed_transactions": 5000,
      "duration_seconds": 0.5200953483581543,
      "throughput_tps": 9613.621840272333,
      "avg_submission_time_ms": 255.49106011390685,
      "p95_submission_time_ms": 487.42371797561646
    },
    "block_formation": {
      "num_peers": 1,
      "total_blocks_created": 50,
      "total_transactions_processed": 5000,
      "duration_seconds": 0.5432336330413818,
      "avg_block_formation_time_ms": 1.7787361145019531,
      "avg_tx_finality_time_seconds": 0.010864672660827636,
      "blocks_per_second": 92.04142924668871,
      "peer_metrics": [
        {
          "peer_id": "peer0",
          "blocks_created": 50,
          "transactions_processed": 5000,
          "chain_length": 51,
          "avg_block_formation_time_ms": 1.7787361145019531,
          "pending_transactions": 0
        }
      ]
    },
    "end_to_end_latency": {
      "num_samples": 100,
      "avg_latency_ms": 103.26694250106812,
      "p50_latency_ms": 103.12294960021973,
      "p95_latency_ms": 104.31718826293945,
      "p99_latency_ms": 0,
      "min_latency_ms": 102.24676132202148,
      "max_latency_ms": 108.0026626586914
    }
  }
}