{
  "config_name": "config_4_rep5",
  "config": {
    "batch_size": 16384,
    "linger_ms": 25,
    "compression_type": "lz4"
  },
  "test_timestamp": 1759876710.668658,
  "metrics": {
    "transaction_submission": {
      "total_transactions": 5000,
      "confirmed_transactions": 5000,
      "duration_seconds": 0.6333091259002686,
      "throughput_tps": 7895.038608345245,
      "avg_submission_time_ms": 308.497417640686,
      "p95_submission_time_ms": 531.0500502586365
    },
    "block_formation": {
      "num_peers": 1,
      "total_blocks_created": 50,
      "total_transactions_processed": 5000,
      "duration_seconds": 0.44293212890625,
      "avg_block_formation_time_ms": 1.7679548263549805,
      "avg_tx_finality_time_seconds": 0.008858642578125,
      "blocks_per_second": 112.88411189196638,
      "peer_metrics": [
        {
          "peer_id": "peer0",
          "blocks_created": 50,
          "transactions_processed": 5000,
          "chain_length": 51,
          "avg_block_formation_time_ms": 1.7679548263549805,
          "pending_transactions": 0
        }
      ]
    },
    "end_to_end_latency": {
      "num_samples": 100,
      "avg_latency_ms": 129.22518014907837,
      "p50_latency_ms": 129.10521030426025,
      "p95_latency_ms": 130.3376317024231,
      "p99_latency_ms": 0,
      "min_latency_ms": 127.35676765441895,
      "max_latency_ms": 138.3683681488037
    }
  }
}