{
  "config_name": "baseline",
  "config": {
    "batch_size": 16384,
    "linger_ms": 0,
    "compression_type": "none"
  },
  "test_timestamp": 1759361899.0806239,
  "metrics": {
    "transaction_submission": {
      "total_transactions": 5000,
      "confirmed_transactions": 5000,
      "duration_seconds": 0.6897027492523193,
      "throughput_tps": 7249.499882986273,
      "avg_submission_time_ms": 358.82020659446715,
      "p95_submission_time_ms": 640.1029586791992
    },
    "block_formation": {
      "num_peers": 1,
      "total_blocks_created": 50,
      "total_transactions_processed": 5000,
      "duration_seconds": 0.43950963020324707,
      "avg_block_formation_time_ms": 1.7929887771606445,
      "avg_tx_finality_time_seconds": 0.008790192604064941,
      "blocks_per_second": 113.76315002899476,
      "peer_metrics": [
        {
          "peer_id": "peer0",
          "blocks_created": 50,
          "transactions_processed": 5000,
          "chain_length": 51,
          "avg_block_formation_time_ms": 1.7929887771606445,
          "pending_transactions": 0
        }
      ]
    },
    "end_to_end_latency": {
      "num_samples": 100,
      "avg_latency_ms": 104.0540361404419,
      "p50_latency_ms": 104.01475429534912,
      "p95_latency_ms": 105.24413585662842,
      "p99_latency_ms": 0,
      "min_latency_ms": 102.72216796875,
      "max_latency_ms": 105.67593574523926
    }
  }
}