{
  "config_name": "config_7_rep1",
  "config": {
    "batch_size": 131072,
    "linger_ms": 25,
    "compression_type": "none"
  },
  "test_timestamp": 1759477975.8222802,
  "metrics": {
    "transaction_submission": {
      "total_transactions": 5000,
      "confirmed_transactions": 5000,
      "duration_seconds": 0.5049529075622559,
      "throughput_tps": 9901.913475730502,
      "avg_submission_time_ms": 249.1932725906372,
      "p95_submission_time_ms": 465.1849031448364
    },
    "block_formation": {
      "num_peers": 1,
      "total_blocks_created": 50,
      "total_transactions_processed": 5000,
      "duration_seconds": 0.4521517753601074,
      "avg_block_formation_time_ms": 2.014036178588867,
      "avg_tx_finality_time_seconds": 0.009043035507202148,
      "blocks_per_second": 110.58233700437974,
      "peer_metrics": [
        {
          "peer_id": "peer0",
          "blocks_created": 50,
          "transactions_processed": 5000,
          "chain_length": 51,
          "avg_block_formation_time_ms": 2.014036178588867,
          "pending_transactions": 0
        }
      ]
    },
    "end_to_end_latency": {
      "num_samples": 100,
      "avg_latency_ms": 129.09289360046387,
      "p50_latency_ms": 128.96311283111572,
      "p95_latency_ms": 129.77464199066162,
      "p99_latency_ms": 0,
      "min_latency_ms": 127.99406051635742,
      "max_latency_ms": 144.11640167236328
    }
  }
}