{
  "config_name": "config_6_rep1",
  "config": {
    "batch_size": 131072,
    "linger_ms": 0,
    "compression_type": "lz4"
  },
  "test_timestamp": 1759477863.3321044,
  "metrics": {
    "transaction_submission": {
      "total_transactions": 5000,
      "confirmed_transactions": 5000,
      "duration_seconds": 0.4186241626739502,
      "throughput_tps": 11943.887729897478,
      "avg_submission_time_ms": 201.74643430709838,
      "p95_submission_time_ms": 390.2450203895569
    },
    "block_formation": {
      "num_peers": 1,
      "total_blocks_created": 50,
      "total_transactions_processed": 5000,
      "duration_seconds": 0.545067310333252,
      "avg_block_formation_time_ms": 1.8021917343139648,
      "avg_tx_finality_time_seconds": 0.010901346206665039,
      "blocks_per_second": 91.73178991312137,
      "peer_metrics": [
        {
          "peer_id": "peer0",
          "blocks_created": 50,
          "transactions_processed": 5000,
          "chain_length": 51,
          "avg_block_formation_time_ms": 1.8021917343139648,
          "pending_transactions": 0
        }
      ]
    },
    "end_to_end_latency": {
      "num_samples": 100,
      "avg_latency_ms": 103.31253051757812,
      "p50_latency_ms": 103.2334566116333,
      "p95_latency_ms": 104.1093111038208,
      "p99_latency_ms": 0,
      "min_latency_ms": 101.75800323486328,
      "max_latency_ms": 109.37833786010742
    }
  }
}