{
  "config_name": "config_7_rep2",
  "config": {
    "batch_size": 131072,
    "linger_ms": 25,
    "compression_type": "none"
  },
  "test_timestamp": 1759478000.8691342,
  "metrics": {
    "transaction_submission": {
      "total_transactions": 5000,
      "confirmed_transactions": 5000,
      "duration_seconds": 0.5252881050109863,
      "throughput_tps": 9518.585995575562,
      "avg_submission_time_ms": 255.3956494808197,
      "p95_submission_time_ms": 478.5093069076538
    },
    "block_formation": {
      "num_peers": 1,
      "total_blocks_created": 50,
      "total_transactions_processed": 5000,
      "duration_seconds": 0.49389219284057617,
      "avg_block_formation_time_ms": 1.8291854858398438,
      "avg_tx_finality_time_seconds": 0.009877843856811524,
      "blocks_per_second": 101.23666809234123,
      "peer_metrics": [
        {
          "peer_id": "peer0",
          "blocks_created": 50,
          "transactions_processed": 5000,
          "chain_length": 51,
          "avg_block_formation_time_ms": 1.8291854858398438,
          "pending_transactions": 0
        }
      ]
    },
    "end_to_end_latency": {
      "num_samples": 100,
      "avg_latency_ms": 129.29629564285278,
      "p50_latency_ms": 129.08673286437988,
      "p95_latency_ms": 130.42243719100952,
      "p99_latency_ms": 0,
      "min_latency_ms": 128.02600860595703,
      "max_latency_ms": 138.80586624145508
    }
  }
}