{
  "config_name": "config_1_rep2",
  "config": {
    "batch_size": 16384,
    "linger_ms": 0,
    "compression_type": "none"
  },
  "test_timestamp": 1759875905.6990125,
  "metrics": {
    "transaction_submission": {
      "total_transactions": 5000,
      "confirmed_transactions": 5000,
      "duration_seconds": 0.7429156303405762,
      "throughput_tps": 6730.23933782069,
      "avg_submission_time_ms": 342.491556930542,
      "p95_submission_time_ms": 582.2563290596008
    },
    "block_formation": {
      "num_peers": 1,
      "total_blocks_created": 50,
      "total_transactions_processed": 5000,
      "duration_seconds": 0.44743943214416504,
      "avg_block_formation_time_ms": 1.8559837341308594,
      "avg_tx_finality_time_seconds": 0.008948788642883301,
      "blocks_per_second": 111.74696821063816,
      "peer_metrics": [
        {
          "peer_id": "peer0",
          "blocks_created": 50,
          "transactions_processed": 5000,
          "chain_length": 51,
          "avg_block_formation_time_ms": 1.8559837341308594,
          "pending_transactions": 0
        }
      ]
    },
    "end_to_end_latency": {
      "num_samples": 100,
      "avg_latency_ms": 103.25379133224487,
      "p50_latency_ms": 103.13022136688232,
      "p95_latency_ms": 104.36604022979736,
      "p99_latency_ms": 0,
      "min_latency_ms": 98.76728057861328,
      "max_latency_ms": 110.96549034118652
    }
  }
}