test_name,status,total_records,throughput_records_sec,throughput_mb_sec,avg_latency_ms,max_latency_ms,p50_latency_ms,p95_latency_ms,p99_latency_ms,p99_9_latency_ms,consumer_mb_sec,consumer_msg_sec,cpu_percent,memory_percent,batch_size,linger_ms,compression_type,buffer_memory
baseline,SUCCESS,12000,999.50025,0.98,1.87,340.0,1.0,2.0,23.0,32.0,23.9407,24515.2749,1.36,6.62,16384,0,none,33554432
batch-optimized,SUCCESS,12000,999.50025,0.98,4.92,301.0,5.0,8.0,14.0,24.0,24.1373,24716.6324,2.51,6.27,65536,5,none,67108864
compression,SUCCESS,12000,999.167361,0.98,14.29,540.0,8.0,14.0,177.0,187.0,11.7188,12000.0,1.92,0,32768,10,lz4,67108864
high-throughput,SUCCESS,12000,999.417007,0.98,13.39,342.0,13.0,23.0,39.0,49.0,23.6517,24219.3159,1.66,6.2,131072,20,snappy,134217728
low-latency,SUCCESS,12000,999.50025,0.98,3.69,304.0,1.0,3.0,85.0,110.0,19.1448,19604.2345,1.74,6.97,1024,0,none,16777216
