{
  "config_name": "batch_32kb",
  "config": {
    "batch_size": 32768,
    "linger_ms": 0,
    "compression_type": "none"
  },
  "test_timestamp": 1759450445.0412312,
  "metrics": {
    "transaction_submission": {
      "total_transactions": 5000,
      "confirmed_transactions": 5000,
      "duration_seconds": 0.5948147773742676,
      "throughput_tps": 8405.978113173062,
      "avg_submission_time_ms": 292.6080104827881,
      "p95_submission_time_ms": 558.3533883094788
    },
    "block_formation": {
      "num_peers": 1,
      "total_blocks_created": 50,
      "total_transactions_processed": 5000,
      "duration_seconds": 0.44034242630004883,
      "avg_block_formation_time_ms": 1.786637306213379,
      "avg_tx_finality_time_seconds": 0.008806848526000976,
      "blocks_per_second": 113.54799586340576,
      "peer_metrics": [
        {
          "peer_id": "peer0",
          "blocks_created": 50,
          "transactions_processed": 5000,
          "chain_length": 51,
          "avg_block_formation_time_ms": 1.786637306213379,
          "pending_transactions": 0
        }
      ]
    },
    "end_to_end_latency": {
      "num_samples": 100,
      "avg_latency_ms": 103.55464935302734,
      "p50_latency_ms": 103.35958003997803,
      "p95_latency_ms": 104.4845700263977,
      "p99_latency_ms": 0,
      "min_latency_ms": 102.39696502685547,
      "max_latency_ms": 111.21559143066406
    }
  }
}