{
  "config_name": "config_8_rep2",
  "config": {
    "batch_size": 131072,
    "linger_ms": 25,
    "compression_type": "lz4"
  },
  "test_timestamp": 1759478126.7242978,
  "metrics": {
    "transaction_submission": {
      "total_transactions": 5000,
      "confirmed_transactions": 5000,
      "duration_seconds": 0.3943021297454834,
      "throughput_tps": 12680.631482329125,
      "avg_submission_time_ms": 189.5312005519867,
      "p95_submission_time_ms": 357.87200927734375
    },
    "block_formation": {
      "num_peers": 1,
      "total_blocks_created": 50,
      "total_transactions_processed": 5000,
      "duration_seconds": 0.5539135932922363,
      "avg_block_formation_time_ms": 2.040095329284668,
      "avg_tx_finality_time_seconds": 0.011078271865844726,
      "blocks_per_second": 90.2667863823677,
      "peer_metrics": [
        {
          "peer_id": "peer0",
          "blocks_created": 50,
          "transactions_processed": 5000,
          "chain_length": 51,
          "avg_block_formation_time_ms": 2.040095329284668,
          "pending_transactions": 0
        }
      ]
    },
    "end_to_end_latency": {
      "num_samples": 100,
      "avg_latency_ms": 129.2163586616516,
      "p50_latency_ms": 129.14085388183594,
      "p95_latency_ms": 130.28697967529297,
      "p99_latency_ms": 0,
      "min_latency_ms": 128.08513641357422,
      "max_latency_ms": 134.3393325805664
    }
  }
}