{
  "config_name": "config_4_rep4",
  "config": {
    "batch_size": 16384,
    "linger_ms": 25,
    "compression_type": "lz4"
  },
  "test_timestamp": 1759876685.3981671,
  "metrics": {
    "transaction_submission": {
      "total_transactions": 5000,
      "confirmed_transactions": 5000,
      "duration_seconds": 0.6853947639465332,
      "throughput_tps": 7295.065943033735,
      "avg_submission_time_ms": 344.323779964447,
      "p95_submission_time_ms": 629.4559836387634
    },
    "block_formation": {
      "num_peers": 1,
      "total_blocks_created": 50,
      "total_transactions_processed": 5000,
      "duration_seconds": 0.4359402656555176,
      "avg_block_formation_time_ms": 1.7509078979492188,
      "avg_tx_finality_time_seconds": 0.008718805313110351,
      "blocks_per_second": 114.69461286127279,
      "peer_metrics": [
        {
          "peer_id": "peer0",
          "blocks_created": 50,
          "transactions_processed": 5000,
          "chain_length": 51,
          "avg_block_formation_time_ms": 1.7509078979492188,
          "pending_transactions": 0
        }
      ]
    },
    "end_to_end_latency": {
      "num_samples": 100,
      "avg_latency_ms": 129.30988073349,
      "p50_latency_ms": 129.2710304260254,
      "p95_latency_ms": 130.5093765258789,
      "p99_latency_ms": 0,
      "min_latency_ms": 127.31099128723145,
      "max_latency_ms": 134.51218605041504
    }
  }
}