{
  "config_name": "config_5_rep4",
  "config": {
    "batch_size": 131072,
    "linger_ms": 0,
    "compression_type": "none"
  },
  "test_timestamp": 1759876803.6326144,
  "metrics": {
    "transaction_submission": {
      "total_transactions": 5000,
      "confirmed_transactions": 5000,
      "duration_seconds": 0.5253124237060547,
      "throughput_tps": 9518.145344298604,
      "avg_submission_time_ms": 260.4186872005463,
      "p95_submission_time_ms": 493.45178604125977
    },
    "block_formation": {
      "num_peers": 1,
      "total_blocks_created": 50,
      "total_transactions_processed": 5000,
      "duration_seconds": 0.5411062240600586,
      "avg_block_formation_time_ms": 1.7509937286376953,
      "avg_tx_finality_time_seconds": 0.010822124481201172,
      "blocks_per_second": 92.40329860713335,
      "peer_metrics": [
        {
          "peer_id": "peer0",
          "blocks_created": 50,
          "transactions_processed": 5000,
          "chain_length": 51,
          "avg_block_formation_time_ms": 1.7509937286376953,
          "pending_transactions": 0
        }
      ]
    },
    "end_to_end_latency": {
      "num_samples": 100,
      "avg_latency_ms": 103.07398557662964,
      "p50_latency_ms": 103.02484035491943,
      "p95_latency_ms": 103.9720892906189,
      "p99_latency_ms": 0,
      "min_latency_ms": 96.21763229370117,
      "max_latency_ms": 106.90426826477051
    }
  }
}