{
  "config_name": "config_4_rep3",
  "config": {
    "batch_size": 16384,
    "linger_ms": 25,
    "compression_type": "lz4"
  },
  "test_timestamp": 1759876660.1905406,
  "metrics": {
    "transaction_submission": {
      "total_transactions": 5000,
      "confirmed_transactions": 5000,
      "duration_seconds": 0.6051228046417236,
      "throughput_tps": 8262.785605907484,
      "avg_submission_time_ms": 296.81772627830503,
      "p95_submission_time_ms": 502.29365825653076
    },
    "block_formation": {
      "num_peers": 1,
      "total_blocks_created": 50,
      "total_transactions_processed": 5000,
      "duration_seconds": 0.4820883274078369,
      "avg_block_formation_time_ms": 1.8885087966918945,
      "avg_tx_finality_time_seconds": 0.009641766548156738,
      "blocks_per_second": 103.71543378543787,
      "peer_metrics": [
        {
          "peer_id": "peer0",
          "blocks_created": 50,
          "transactions_processed": 5000,
          "chain_length": 51,
          "avg_block_formation_time_ms": 1.8885087966918945,
          "pending_transactions": 0
        }
      ]
    },
    "end_to_end_latency": {
      "num_samples": 100,
      "avg_latency_ms": 129.44130659103394,
      "p50_latency_ms": 129.2567253112793,
      "p95_latency_ms": 130.77377080917358,
      "p99_latency_ms": 0,
      "min_latency_ms": 127.90775299072266,
      "max_latency_ms": 139.16897773742676
    }
  }
}