{
  "config_name": "config_4_rep3",
  "config": {
    "batch_size": 16384,
    "linger_ms": 25,
    "compression_type": "lz4"
  },
  "test_timestamp": 1759477674.3981588,
  "metrics": {
    "transaction_submission": {
      "total_transactions": 5000,
      "confirmed_transactions": 5000,
      "duration_seconds": 0.6087841987609863,
      "throughput_tps": 8213.090960928572,
      "avg_submission_time_ms": 305.94769859313965,
      "p95_submission_time_ms": 494.7311997413635
    },
    "block_formation": {
      "num_peers": 1,
      "total_blocks_created": 50,
      "total_transactions_processed": 5000,
      "duration_seconds": 0.5029449462890625,
      "avg_block_formation_time_ms": 1.8722343444824219,
      "avg_tx_finality_time_seconds": 0.01005889892578125,
      "blocks_per_second": 99.4144595127575,
      "peer_metrics": [
        {
          "peer_id": "peer0",
          "blocks_created": 50,
          "transactions_processed": 5000,
          "chain_length": 51,
          "avg_block_formation_time_ms": 1.8722343444824219,
          "pending_transactions": 0
        }
      ]
    },
    "end_to_end_latency": {
      "num_samples": 100,
      "avg_latency_ms": 129.45953845977783,
      "p50_latency_ms": 129.11951541900635,
      "p95_latency_ms": 130.58074712753296,
      "p99_latency_ms": 0,
      "min_latency_ms": 127.64620780944824,
      "max_latency_ms": 158.6475372314453
    }
  }
}