{
  "config_name": "config_2_rep1",
  "config": {
    "batch_size": 16384,
    "linger_ms": 0,
    "compression_type": "lz4"
  },
  "test_timestamp": 1759875996.6807866,
  "metrics": {
    "transaction_submission": {
      "total_transactions": 5000,
      "confirmed_transactions": 5000,
      "duration_seconds": 0.5751783847808838,
      "throughput_tps": 8692.955320121717,
      "avg_submission_time_ms": 276.3657649993896,
      "p95_submission_time_ms": 497.2617983818054
    },
    "block_formation": {
      "num_peers": 1,
      "total_blocks_created": 50,
      "total_transactions_processed": 5000,
      "duration_seconds": 0.5415384769439697,
      "avg_block_formation_time_ms": 1.7551851272583008,
      "avg_tx_finality_time_seconds": 0.010830769538879395,
      "blocks_per_second": 92.32954282798497,
      "peer_metrics": [
        {
          "peer_id": "peer0",
          "blocks_created": 50,
          "transactions_processed": 5000,
          "chain_length": 51,
          "avg_block_formation_time_ms": 1.7551851272583008,
          "pending_transactions": 0
        }
      ]
    },
    "end_to_end_latency": {
      "num_samples": 100,
      "avg_latency_ms": 103.40875387191772,
      "p50_latency_ms": 103.36315631866455,
      "p95_latency_ms": 104.27589416503906,
      "p99_latency_ms": 0,
      "min_latency_ms": 100.42738914489746,
      "max_latency_ms": 107.05876350402832
    }
  }
}