{
  "config_name": "config_1_rep3",
  "config": {
    "batch_size": 16384,
    "linger_ms": 0,
    "compression_type": "none"
  },
  "test_timestamp": 1759875928.4218483,
  "metrics": {
    "transaction_submission": {
      "total_transactions": 5000,
      "confirmed_transactions": 5000,
      "duration_seconds": 0.7318112850189209,
      "throughput_tps": 6832.362526181494,
      "avg_submission_time_ms": 378.0609860420227,
      "p95_submission_time_ms": 688.5982871055603
    },
    "block_formation": {
      "num_peers": 1,
      "total_blocks_created": 50,
      "total_transactions_processed": 5000,
      "duration_seconds": 0.543231725692749,
      "avg_block_formation_time_ms": 1.7899703979492188,
      "avg_tx_finality_time_seconds": 0.010864634513854981,
      "blocks_per_second": 92.04175241465907,
      "peer_metrics": [
        {
          "peer_id": "peer0",
          "blocks_created": 50,
          "transactions_processed": 5000,
          "chain_length": 51,
          "avg_block_formation_time_ms": 1.7899703979492188,
          "pending_transactions": 0
        }
      ]
    },
    "end_to_end_latency": {
      "num_samples": 100,
      "avg_latency_ms": 103.254554271698,
      "p50_latency_ms": 103.16896438598633,
      "p95_latency_ms": 104.10637855529785,
      "p99_latency_ms": 0,
      "min_latency_ms": 101.72319412231445,
      "max_latency_ms": 108.89029502868652
    }
  }
}