{
  "config_name": "config_1_rep2",
  "config": {
    "batch_size": 16384,
    "linger_ms": 0,
    "compression_type": "none"
  },
  "test_timestamp": 1759477287.4203913,
  "metrics": {
    "transaction_submission": {
      "total_transactions": 5000,
      "confirmed_transactions": 5000,
      "duration_seconds": 0.7204279899597168,
      "throughput_tps": 6940.318907209003,
      "avg_submission_time_ms": 364.8025760650635,
      "p95_submission_time_ms": 671.3442921638489
    },
    "block_formation": {
      "num_peers": 1,
      "total_blocks_created": 50,
      "total_transactions_processed": 5000,
      "duration_seconds": 0.531766414642334,
      "avg_block_formation_time_ms": 2.7791309356689453,
      "avg_tx_finality_time_seconds": 0.01063532829284668,
      "blocks_per_second": 94.02624653087577,
      "peer_metrics": [
        {
          "peer_id": "peer0",
          "blocks_created": 50,
          "transactions_processed": 5000,
          "chain_length": 51,
          "avg_block_formation_time_ms": 2.7791309356689453,
          "pending_transactions": 0
        }
      ]
    },
    "end_to_end_latency": {
      "num_samples": 100,
      "avg_latency_ms": 103.38803291320801,
      "p50_latency_ms": 103.02019119262695,
      "p95_latency_ms": 103.9857029914856,
      "p99_latency_ms": 0,
      "min_latency_ms": 102.11730003356934,
      "max_latency_ms": 129.66370582580566
    }
  }
}