{
  "config_name": "config_3_rep4",
  "config": {
    "batch_size": 16384,
    "linger_ms": 25,
    "compression_type": "none"
  },
  "test_timestamp": 1759477573.2708578,
  "metrics": {
    "transaction_submission": {
      "total_transactions": 5000,
      "confirmed_transactions": 5000,
      "duration_seconds": 0.7339451313018799,
      "throughput_tps": 6812.498355470994,
      "avg_submission_time_ms": 333.9872724533081,
      "p95_submission_time_ms": 607.7047824859619
    },
    "block_formation": {
      "num_peers": 1,
      "total_blocks_created": 50,
      "total_transactions_processed": 5000,
      "duration_seconds": 0.44622254371643066,
      "avg_block_formation_time_ms": 1.8500041961669922,
      "avg_tx_finality_time_seconds": 0.008924450874328613,
      "blocks_per_second": 112.05171209766226,
      "peer_metrics": [
        {
          "peer_id": "peer0",
          "blocks_created": 50,
          "transactions_processed": 5000,
          "chain_length": 51,
          "avg_block_formation_time_ms": 1.8500041961669922,
          "pending_transactions": 0
        }
      ]
    },
    "end_to_end_latency": {
      "num_samples": 100,
      "avg_latency_ms": 129.26818132400513,
      "p50_latency_ms": 129.19259071350098,
      "p95_latency_ms": 130.2148461341858,
      "p99_latency_ms": 0,
      "min_latency_ms": 125.92267990112305,
      "max_latency_ms": 134.84692573547363
    }
  }
}