{
  "config_name": "config_8_rep4",
  "config": {
    "batch_size": 131072,
    "linger_ms": 25,
    "compression_type": "lz4"
  },
  "test_timestamp": 1759877162.136197,
  "metrics": {
    "transaction_submission": {
      "total_transactions": 5000,
      "confirmed_transactions": 5000,
      "duration_seconds": 0.3898742198944092,
      "throughput_tps": 12824.648937686019,
      "avg_submission_time_ms": 190.01151785850524,
      "p95_submission_time_ms": 353.7517547607422
    },
    "block_formation": {
      "num_peers": 1,
      "total_blocks_created": 50,
      "total_transactions_processed": 5000,
      "duration_seconds": 0.563152551651001,
      "avg_block_formation_time_ms": 1.7635917663574219,
      "avg_tx_finality_time_seconds": 0.01126305103302002,
      "blocks_per_second": 88.78588910485162,
      "peer_metrics": [
        {
          "peer_id": "peer0",
          "blocks_created": 50,
          "transactions_processed": 5000,
          "chain_length": 51,
          "avg_block_formation_time_ms": 1.7635917663574219,
          "pending_transactions": 0
        }
      ]
    },
    "end_to_end_latency": {
      "num_samples": 100,
      "avg_latency_ms": 129.31798458099365,
      "p50_latency_ms": 129.00400161743164,
      "p95_latency_ms": 130.4416537284851,
      "p99_latency_ms": 0,
      "min_latency_ms": 121.4745044708252,
      "max_latency_ms": 156.77618980407715
    }
  }
}