{
  "config_name": "config_8_rep5",
  "config": {
    "batch_size": 131072,
    "linger_ms": 25,
    "compression_type": "lz4"
  },
  "test_timestamp": 1759478202.1788938,
  "metrics": {
    "transaction_submission": {
      "total_transactions": 5000,
      "confirmed_transactions": 5000,
      "duration_seconds": 0.4021604061126709,
      "throughput_tps": 12432.849987224201,
      "avg_submission_time_ms": 193.00184817314147,
      "p95_submission_time_ms": 356.35392665863037
    },
    "block_formation": {
      "num_peers": 1,
      "total_blocks_created": 50,
      "total_transactions_processed": 5000,
      "duration_seconds": 0.5852108001708984,
      "avg_block_formation_time_ms": 1.8012714385986328,
      "avg_tx_finality_time_seconds": 0.011704216003417969,
      "blocks_per_second": 85.4392980877977,
      "peer_metrics": [
        {
          "peer_id": "peer0",
          "blocks_created": 50,
          "transactions_processed": 5000,
          "chain_length": 51,
          "avg_block_formation_time_ms": 1.8012714385986328,
          "pending_transactions": 0
        }
      ]
    },
    "end_to_end_latency": {
      "num_samples": 100,
      "avg_latency_ms": 129.3359875679016,
      "p50_latency_ms": 129.03380393981934,
      "p95_latency_ms": 130.0767183303833,
      "p99_latency_ms": 0,
      "min_latency_ms": 127.22039222717285,
      "max_latency_ms": 152.7707576751709
    }
  }
}