{
  "config_name": "linger_25ms",
  "config": {
    "batch_size": 65536,
    "linger_ms": 25,
    "compression_type": "none"
  },
  "test_timestamp": 1759875782.0330403,
  "metrics": {
    "transaction_submission": {
      "total_transactions": 5000,
      "confirmed_transactions": 5000,
      "duration_seconds": 0.5519685745239258,
      "throughput_tps": 9058.48671604631,
      "avg_submission_time_ms": 262.65663385391235,
      "p95_submission_time_ms": 505.89888095855713
    },
    "block_formation": {
      "num_peers": 1,
      "total_blocks_created": 50,
      "total_transactions_processed": 5000,
      "duration_seconds": 0.44924449920654297,
      "avg_block_formation_time_ms": 1.8001270294189453,
      "avg_tx_finality_time_seconds": 0.00898488998413086,
      "blocks_per_second": 111.29796822957243,
      "peer_metrics": [
        {
          "peer_id": "peer0",
          "blocks_created": 50,
          "transactions_processed": 5000,
          "chain_length": 51,
          "avg_block_formation_time_ms": 1.8001270294189453,
          "pending_transactions": 0
        }
      ]
    },
    "end_to_end_latency": {
      "num_samples": 100,
      "avg_latency_ms": 129.58031177520752,
      "p50_latency_ms": 129.37664985656738,
      "p95_latency_ms": 130.50042390823364,
      "p99_latency_ms": 0,
      "min_latency_ms": 123.27003479003906,
      "max_latency_ms": 153.78952026367188
    }
  }
}