{
  "config_name": "config_8_rep4",
  "config": {
    "batch_size": 131072,
    "linger_ms": 25,
    "compression_type": "lz4"
  },
  "test_timestamp": 1759478176.997107,
  "metrics": {
    "transaction_submission": {
      "total_transactions": 5000,
      "confirmed_transactions": 5000,
      "duration_seconds": 0.41437554359436035,
      "throughput_tps": 12066.349178402743,
      "avg_submission_time_ms": 202.18672428131103,
      "p95_submission_time_ms": 374.5864152908325
    },
    "block_formation": {
      "num_peers": 1,
      "total_blocks_created": 50,
      "total_transactions_processed": 5000,
      "duration_seconds": 0.6365394592285156,
      "avg_block_formation_time_ms": 1.973004341125488,
      "avg_tx_finality_time_seconds": 0.012730789184570313,
      "blocks_per_second": 78.54972582626674,
      "peer_metrics": [
        {
          "peer_id": "peer0",
          "blocks_created": 50,
          "transactions_processed": 5000,
          "chain_length": 51,
          "avg_block_formation_time_ms": 1.973004341125488,
          "pending_transactions": 0
        }
      ]
    },
    "end_to_end_latency": {
      "num_samples": 100,
      "avg_latency_ms": 129.36237335205078,
      "p50_latency_ms": 129.05776500701904,
      "p95_latency_ms": 130.2533745765686,
      "p99_latency_ms": 0,
      "min_latency_ms": 127.56609916687012,
      "max_latency_ms": 154.32286262512207
    }
  }
}