{
  "config_name": "config_4_rep2",
  "config": {
    "batch_size": 16384,
    "linger_ms": 25,
    "compression_type": "lz4"
  },
  "test_timestamp": 1759876634.9333022,
  "metrics": {
    "transaction_submission": {
      "total_transactions": 5000,
      "confirmed_transactions": 5000,
      "duration_seconds": 0.6868946552276611,
      "throughput_tps": 7279.136563295609,
      "avg_submission_time_ms": 349.712020111084,
      "p95_submission_time_ms": 604.654335975647
    },
    "block_formation": {
      "num_peers": 1,
      "total_blocks_created": 50,
      "total_transactions_processed": 5000,
      "duration_seconds": 0.4373204708099365,
      "avg_block_formation_time_ms": 1.7462873458862305,
      "avg_tx_finality_time_seconds": 0.00874640941619873,
      "blocks_per_second": 114.33263095916325,
      "peer_metrics": [
        {
          "peer_id": "peer0",
          "blocks_created": 50,
          "transactions_processed": 5000,
          "chain_length": 51,
          "avg_block_formation_time_ms": 1.7462873458862305,
          "pending_transactions": 0
        }
      ]
    },
    "end_to_end_latency": {
      "num_samples": 100,
      "avg_latency_ms": 129.44544076919556,
      "p50_latency_ms": 129.1024684906006,
      "p95_latency_ms": 130.00468015670776,
      "p99_latency_ms": 0,
      "min_latency_ms": 128.02600860595703,
      "max_latency_ms": 149.0767002105713
    }
  }
}