{
  "config_name": "compression_snappy",
  "config": {
    "batch_size": 65536,
    "linger_ms": 10,
    "compression_type": "snappy"
  },
  "test_timestamp": 1759875855.7413845,
  "metrics": {
    "transaction_submission": {
      "total_transactions": 5000,
      "confirmed_transactions": 5000,
      "duration_seconds": 0.48169422149658203,
      "throughput_tps": 10380.029024357891,
      "avg_submission_time_ms": 256.27931985855105,
      "p95_submission_time_ms": 452.51044034957886
    },
    "block_formation": {
      "num_peers": 1,
      "total_blocks_created": 50,
      "total_transactions_processed": 5000,
      "duration_seconds": 0.5504989624023438,
      "avg_block_formation_time_ms": 1.781458854675293,
      "avg_tx_finality_time_seconds": 0.011009979248046874,
      "blocks_per_second": 90.82669253689973,
      "peer_metrics": [
        {
          "peer_id": "peer0",
          "blocks_created": 50,
          "transactions_processed": 5000,
          "chain_length": 51,
          "avg_block_formation_time_ms": 1.781458854675293,
          "pending_transactions": 0
        }
      ]
    },
    "end_to_end_latency": {
      "num_samples": 100,
      "avg_latency_ms": 114.48383092880249,
      "p50_latency_ms": 114.37487602233887,
      "p95_latency_ms": 115.58289527893066,
      "p99_latency_ms": 0,
      "min_latency_ms": 113.0988597869873,
      "max_latency_ms": 123.46673011779785
    }
  }
}