{
  "config_name": "config_6_rep5",
  "config": {
    "batch_size": 131072,
    "linger_ms": 0,
    "compression_type": "lz4"
  },
  "test_timestamp": 1759876938.2671008,
  "metrics": {
    "transaction_submission": {
      "total_transactions": 5000,
      "confirmed_transactions": 5000,
      "duration_seconds": 0.4112837314605713,
      "throughput_tps": 12157.057567640108,
      "avg_submission_time_ms": 214.83204522132874,
      "p95_submission_time_ms": 386.51158809661865
    },
    "block_formation": {
      "num_peers": 1,
      "total_blocks_created": 50,
      "total_transactions_processed": 5000,
      "duration_seconds": 0.4379889965057373,
      "avg_block_formation_time_ms": 1.77276611328125,
      "avg_tx_finality_time_seconds": 0.008759779930114746,
      "blocks_per_second": 114.15811903700425,
      "peer_metrics": [
        {
          "peer_id": "peer0",
          "blocks_created": 50,
          "transactions_processed": 5000,
          "chain_length": 51,
          "avg_block_formation_time_ms": 1.77276611328125,
          "pending_transactions": 0
        }
      ]
    },
    "end_to_end_latency": {
      "num_samples": 100,
      "avg_latency_ms": 103.17110300064087,
      "p50_latency_ms": 102.99336910247803,
      "p95_latency_ms": 104.2317271232605,
      "p99_latency_ms": 0,
      "min_latency_ms": 102.25582122802734,
      "max_latency_ms": 108.7193489074707
    }
  }
}