{
  "config_name": "linger_5ms",
  "config": {
    "batch_size": 65536,
    "linger_ms": 5,
    "compression_type": "none"
  },
  "test_timestamp": 1759450536.091709,
  "metrics": {
    "transaction_submission": {
      "total_transactions": 5000,
      "confirmed_transactions": 5000,
      "duration_seconds": 0.5740065574645996,
      "throughput_tps": 8710.701881325393,
      "avg_submission_time_ms": 286.3868170261383,
      "p95_submission_time_ms": 548.7044453620911
    },
    "block_formation": {
      "num_peers": 1,
      "total_blocks_created": 50,
      "total_transactions_processed": 5000,
      "duration_seconds": 0.47751903533935547,
      "avg_block_formation_time_ms": 2.349987030029297,
      "avg_tx_finality_time_seconds": 0.009550380706787109,
      "blocks_per_second": 104.70786774911876,
      "peer_metrics": [
        {
          "peer_id": "peer0",
          "blocks_created": 50,
          "transactions_processed": 5000,
          "chain_length": 51,
          "avg_block_formation_time_ms": 2.349987030029297,
          "pending_transactions": 0
        }
      ]
    },
    "end_to_end_latency": {
      "num_samples": 100,
      "avg_latency_ms": 109.31082248687744,
      "p50_latency_ms": 109.26187038421631,
      "p95_latency_ms": 110.64300537109375,
      "p99_latency_ms": 0,
      "min_latency_ms": 108.08157920837402,
      "max_latency_ms": 111.4654541015625
    }
  }
}