{
  "config_name": "batch_65kb",
  "config": {
    "batch_size": 65536,
    "linger_ms": 0,
    "compression_type": "none"
  },
  "test_timestamp": 1759875665.143738,
  "metrics": {
    "transaction_submission": {
      "total_transactions": 5000,
      "confirmed_transactions": 5000,
      "duration_seconds": 0.5281503200531006,
      "throughput_tps": 9467.001742036806,
      "avg_submission_time_ms": 253.36484847068786,
      "p95_submission_time_ms": 487.216854095459
    },
    "block_formation": {
      "num_peers": 1,
      "total_blocks_created": 50,
      "total_transactions_processed": 5000,
      "duration_seconds": 0.44731664657592773,
      "avg_block_formation_time_ms": 1.8070268630981445,
      "avg_tx_finality_time_seconds": 0.008946332931518555,
      "blocks_per_second": 111.77764204112394,
      "peer_metrics": [
        {
          "peer_id": "peer0",
          "blocks_created": 50,
          "transactions_processed": 5000,
          "chain_length": 51,
          "avg_block_formation_time_ms": 1.8070268630981445,
          "pending_transactions": 0
        }
      ]
    },
    "end_to_end_latency": {
      "num_samples": 100,
      "avg_latency_ms": 103.60714197158813,
      "p50_latency_ms": 103.4921407699585,
      "p95_latency_ms": 104.55853939056396,
      "p99_latency_ms": 0,
      "min_latency_ms": 94.90847587585449,
      "max_latency_ms": 117.19250679016113
    }
  }
}