{
  "config_name": "config_8_rep1",
  "config": {
    "batch_size": 131072,
    "linger_ms": 25,
    "compression_type": "lz4"
  },
  "test_timestamp": 1759877086.6528957,
  "metrics": {
    "transaction_submission": {
      "total_transactions": 5000,
      "confirmed_transactions": 5000,
      "duration_seconds": 0.3828909397125244,
      "throughput_tps": 13058.54874433439,
      "avg_submission_time_ms": 184.74102931022645,
      "p95_submission_time_ms": 352.53758430480957
    },
    "block_formation": {
      "num_peers": 1,
      "total_blocks_created": 50,
      "total_transactions_processed": 5000,
      "duration_seconds": 0.6358442306518555,
      "avg_block_formation_time_ms": 1.729726791381836,
      "avg_tx_finality_time_seconds": 0.01271688461303711,
      "blocks_per_second": 78.63561166347448,
      "peer_metrics": [
        {
          "peer_id": "peer0",
          "blocks_created": 50,
          "transactions_processed": 5000,
          "chain_length": 51,
          "avg_block_formation_time_ms": 1.729726791381836,
          "pending_transactions": 0
        }
      ]
    },
    "end_to_end_latency": {
      "num_samples": 100,
      "avg_latency_ms": 128.92603397369385,
      "p50_latency_ms": 128.85594367980957,
      "p95_latency_ms": 129.91883754730225,
      "p99_latency_ms": 0,
      "min_latency_ms": 127.60567665100098,
      "max_latency_ms": 133.12745094299316
    }
  }
}