{
  "config_name": "config_7_rep4",
  "config": {
    "batch_size": 131072,
    "linger_ms": 25,
    "compression_type": "none"
  },
  "test_timestamp": 1759478051.1272912,
  "metrics": {
    "transaction_submission": {
      "total_transactions": 5000,
      "confirmed_transactions": 5000,
      "duration_seconds": 0.49379634857177734,
      "throughput_tps": 10125.631780108655,
      "avg_submission_time_ms": 242.93684639930726,
      "p95_submission_time_ms": 454.654598236084
    },
    "block_formation": {
      "num_peers": 1,
      "total_blocks_created": 50,
      "total_transactions_processed": 5000,
      "duration_seconds": 0.6484682559967041,
      "avg_block_formation_time_ms": 1.8251562118530273,
      "avg_tx_finality_time_seconds": 0.012969365119934082,
      "blocks_per_second": 77.10477658331841,
      "peer_metrics": [
        {
          "peer_id": "peer0",
          "blocks_created": 50,
          "transactions_processed": 5000,
          "chain_length": 51,
          "avg_block_formation_time_ms": 1.8251562118530273,
          "pending_transactions": 0
        }
      ]
    },
    "end_to_end_latency": {
      "num_samples": 100,
      "avg_latency_ms": 129.09759044647217,
      "p50_latency_ms": 129.10866737365723,
      "p95_latency_ms": 130.25730848312378,
      "p99_latency_ms": 0,
      "min_latency_ms": 127.44808197021484,
      "max_latency_ms": 133.79645347595215
    }
  }
}