{
  "config_name": "config_3_rep5",
  "config": {
    "batch_size": 16384,
    "linger_ms": 25,
    "compression_type": "none"
  },
  "test_timestamp": 1759477598.5396225,
  "metrics": {
    "transaction_submission": {
      "total_transactions": 5000,
      "confirmed_transactions": 5000,
      "duration_seconds": 0.726935863494873,
      "throughput_tps": 6878.185891065566,
      "avg_submission_time_ms": 325.6802442073822,
      "p95_submission_time_ms": 591.5543079376221
    },
    "block_formation": {
      "num_peers": 1,
      "total_blocks_created": 50,
      "total_transactions_processed": 5000,
      "duration_seconds": 0.5486893653869629,
      "avg_block_formation_time_ms": 1.8840789794921875,
      "avg_tx_finality_time_seconds": 0.010973787307739258,
      "blocks_per_second": 91.12624219486653,
      "peer_metrics": [
        {
          "peer_id": "peer0",
          "blocks_created": 50,
          "transactions_processed": 5000,
          "chain_length": 51,
          "avg_block_formation_time_ms": 1.8840789794921875,
          "pending_transactions": 0
        }
      ]
    },
    "end_to_end_latency": {
      "num_samples": 100,
      "avg_latency_ms": 129.2800784111023,
      "p50_latency_ms": 129.10711765289307,
      "p95_latency_ms": 130.5410385131836,
      "p99_latency_ms": 0,
      "min_latency_ms": 127.35986709594727,
      "max_latency_ms": 145.10822296142578
    }
  }
}