{
  "config_name": "config_2_rep4",
  "config": {
    "batch_size": 16384,
    "linger_ms": 0,
    "compression_type": "lz4"
  },
  "test_timestamp": 1759876064.5790868,
  "metrics": {
    "transaction_submission": {
      "total_transactions": 5000,
      "confirmed_transactions": 5000,
      "duration_seconds": 0.646186351776123,
      "throughput_tps": 7737.705982580539,
      "avg_submission_time_ms": 314.85893445014955,
      "p95_submission_time_ms": 564.5041584968567
    },
    "block_formation": {
      "num_peers": 1,
      "total_blocks_created": 50,
      "total_transactions_processed": 5000,
      "duration_seconds": 0.4418680667877197,
      "avg_block_formation_time_ms": 1.8016910552978516,
      "avg_tx_finality_time_seconds": 0.008837361335754395,
      "blocks_per_second": 113.15594802649719,
      "peer_metrics": [
        {
          "peer_id": "peer0",
          "blocks_created": 50,
          "transactions_processed": 5000,
          "chain_length": 51,
          "avg_block_formation_time_ms": 1.8016910552978516,
          "pending_transactions": 0
        }
      ]
    },
    "end_to_end_latency": {
      "num_samples": 100,
      "avg_latency_ms": 103.35478782653809,
      "p50_latency_ms": 103.27160358428955,
      "p95_latency_ms": 104.36288118362427,
      "p99_latency_ms": 0,
      "min_latency_ms": 102.41317749023438,
      "max_latency_ms": 108.53791236877441
    }
  }
}