{
  "config_name": "batch-optimized",
  "config": {
    "batch_size": 65536,
    "linger_ms": 10,
    "compression_type": "none"
  },
  "test_timestamp": 1759361920.9078093,
  "metrics": {
    "transaction_submission": {
      "total_transactions": 5000,
      "confirmed_transactions": 5000,
      "duration_seconds": 0.5334925651550293,
      "throughput_tps": 9372.201838552397,
      "avg_submission_time_ms": 256.59363784790037,
      "p95_submission_time_ms": 498.6375093460083
    },
    "block_formation": {
      "num_peers": 1,
      "total_blocks_created": 50,
      "total_transactions_processed": 5000,
      "duration_seconds": 0.8795926570892334,
      "avg_block_formation_time_ms": 1.746668815612793,
      "avg_tx_finality_time_seconds": 0.01759185314178467,
      "blocks_per_second": 56.84449454757962,
      "peer_metrics": [
        {
          "peer_id": "peer0",
          "blocks_created": 50,
          "transactions_processed": 5000,
          "chain_length": 51,
          "avg_block_formation_time_ms": 1.746668815612793,
          "pending_transactions": 0
        }
      ]
    },
    "end_to_end_latency": {
      "num_samples": 100,
      "avg_latency_ms": 115.22319555282593,
      "p50_latency_ms": 115.00263214111328,
      "p95_latency_ms": 116.19218587875366,
      "p99_latency_ms": 0,
      "min_latency_ms": 113.54780197143555,
      "max_latency_ms": 144.0882682800293
    }
  }
}