{
  "config_name": "config_6_rep3",
  "config": {
    "batch_size": 131072,
    "linger_ms": 0,
    "compression_type": "lz4"
  },
  "test_timestamp": 1759477908.1860585,
  "metrics": {
    "transaction_submission": {
      "total_transactions": 5000,
      "confirmed_transactions": 5000,
      "duration_seconds": 0.39795947074890137,
      "throughput_tps": 12564.09350075457,
      "avg_submission_time_ms": 194.00043578147887,
      "p95_submission_time_ms": 368.1689381599426
    },
    "block_formation": {
      "num_peers": 1,
      "total_blocks_created": 50,
      "total_transactions_processed": 5000,
      "duration_seconds": 0.5475146770477295,
      "avg_block_formation_time_ms": 1.866745948791504,
      "avg_tx_finality_time_seconds": 0.01095029354095459,
      "blocks_per_second": 91.32175281511451,
      "peer_metrics": [
        {
          "peer_id": "peer0",
          "blocks_created": 50,
          "transactions_processed": 5000,
          "chain_length": 51,
          "avg_block_formation_time_ms": 1.866745948791504,
          "pending_transactions": 0
        }
      ]
    },
    "end_to_end_latency": {
      "num_samples": 100,
      "avg_latency_ms": 103.23251008987427,
      "p50_latency_ms": 102.9517650604248,
      "p95_latency_ms": 104.1254997253418,
      "p99_latency_ms": 0,
      "min_latency_ms": 101.72915458679199,
      "max_latency_ms": 119.83871459960938
    }
  }
}