{
  "config_name": "config_7_rep3",
  "config": {
    "batch_size": 131072,
    "linger_ms": 25,
    "compression_type": "none"
  },
  "test_timestamp": 1759478025.9692621,
  "metrics": {
    "transaction_submission": {
      "total_transactions": 5000,
      "confirmed_transactions": 5000,
      "duration_seconds": 0.508852481842041,
      "throughput_tps": 9826.030487067783,
      "avg_submission_time_ms": 253.5579608440399,
      "p95_submission_time_ms": 468.1535243988037
    },
    "block_formation": {
      "num_peers": 1,
      "total_blocks_created": 50,
      "total_transactions_processed": 5000,
      "duration_seconds": 0.5507140159606934,
      "avg_block_formation_time_ms": 1.7976856231689453,
      "avg_tx_finality_time_seconds": 0.011014280319213867,
      "blocks_per_second": 90.79122475714999,
      "peer_metrics": [
        {
          "peer_id": "peer0",
          "blocks_created": 50,
          "transactions_processed": 5000,
          "chain_length": 51,
          "avg_block_formation_time_ms": 1.7976856231689453,
          "pending_transactions": 0
        }
      ]
    },
    "end_to_end_latency": {
      "num_samples": 100,
      "avg_latency_ms": 129.22948360443115,
      "p50_latency_ms": 129.09352779388428,
      "p95_latency_ms": 130.341637134552,
      "p99_latency_ms": 0,
      "min_latency_ms": 127.77304649353027,
      "max_latency_ms": 140.1987075805664
    }
  }
}