{
  "config_name": "config_5_rep3",
  "config": {
    "batch_size": 131072,
    "linger_ms": 0,
    "compression_type": "none"
  },
  "test_timestamp": 1759477795.4441729,
  "metrics": {
    "transaction_submission": {
      "total_transactions": 5000,
      "confirmed_transactions": 5000,
      "duration_seconds": 0.5313842296600342,
      "throughput_tps": 9409.387258629919,
      "avg_submission_time_ms": 260.78284215927124,
      "p95_submission_time_ms": 501.876699924469
    },
    "block_formation": {
      "num_peers": 1,
      "total_blocks_created": 50,
      "total_transactions_processed": 5000,
      "duration_seconds": 0.4396350383758545,
      "avg_block_formation_time_ms": 1.8030261993408203,
      "avg_tx_finality_time_seconds": 0.00879270076751709,
      "blocks_per_second": 113.73069850100029,
      "peer_metrics": [
        {
          "peer_id": "peer0",
          "blocks_created": 50,
          "transactions_processed": 5000,
          "chain_length": 51,
          "avg_block_formation_time_ms": 1.8030261993408203,
          "pending_transactions": 0
        }
      ]
    },
    "end_to_end_latency": {
      "num_samples": 100,
      "avg_latency_ms": 103.06860208511353,
      "p50_latency_ms": 102.91123390197754,
      "p95_latency_ms": 104.26666736602783,
      "p99_latency_ms": 0,
      "min_latency_ms": 101.93920135498047,
      "max_latency_ms": 107.93375968933105
    }
  }
}