{
  "config_name": "config_6_rep5",
  "config": {
    "batch_size": 131072,
    "linger_ms": 0,
    "compression_type": "lz4"
  },
  "test_timestamp": 1759477953.3197343,
  "metrics": {
    "transaction_submission": {
      "total_transactions": 5000,
      "confirmed_transactions": 5000,
      "duration_seconds": 0.408799409866333,
      "throughput_tps": 12230.937421448021,
      "avg_submission_time_ms": 197.79169778823854,
      "p95_submission_time_ms": 379.0675401687622
    },
    "block_formation": {
      "num_peers": 1,
      "total_blocks_created": 50,
      "total_transactions_processed": 5000,
      "duration_seconds": 0.5397098064422607,
      "avg_block_formation_time_ms": 1.7625093460083008,
      "avg_tx_finality_time_seconds": 0.010794196128845215,
      "blocks_per_second": 92.64237818763647,
      "peer_metrics": [
        {
          "peer_id": "peer0",
          "blocks_created": 50,
          "transactions_processed": 5000,
          "chain_length": 51,
          "avg_block_formation_time_ms": 1.7625093460083008,
          "pending_transactions": 0
        }
      ]
    },
    "end_to_end_latency": {
      "num_samples": 100,
      "avg_latency_ms": 103.2375168800354,
      "p50_latency_ms": 103.16169261932373,
      "p95_latency_ms": 104.1161298751831,
      "p99_latency_ms": 0,
      "min_latency_ms": 102.09441184997559,
      "max_latency_ms": 107.41329193115234
    }
  }
}