{
  "config_name": "config_4_rep4",
  "config": {
    "batch_size": 16384,
    "linger_ms": 25,
    "compression_type": "lz4"
  },
  "test_timestamp": 1759477699.72493,
  "metrics": {
    "transaction_submission": {
      "total_transactions": 5000,
      "confirmed_transactions": 5000,
      "duration_seconds": 0.6427946090698242,
      "throughput_tps": 7778.534433005598,
      "avg_submission_time_ms": 313.45766801834105,
      "p95_submission_time_ms": 588.4923458099365
    },
    "block_formation": {
      "num_peers": 1,
      "total_blocks_created": 50,
      "total_transactions_processed": 5000,
      "duration_seconds": 0.4808349609375,
      "avg_block_formation_time_ms": 2.133359909057617,
      "avg_tx_finality_time_seconds": 0.00961669921875,
      "blocks_per_second": 103.98578319370398,
      "peer_metrics": [
        {
          "peer_id": "peer0",
          "blocks_created": 50,
          "transactions_processed": 5000,
          "chain_length": 51,
          "avg_block_formation_time_ms": 2.133359909057617,
          "pending_transactions": 0
        }
      ]
    },
    "end_to_end_latency": {
      "num_samples": 100,
      "avg_latency_ms": 129.0642523765564,
      "p50_latency_ms": 128.7766695022583,
      "p95_latency_ms": 129.95883226394653,
      "p99_latency_ms": 0,
      "min_latency_ms": 127.40802764892578,
      "max_latency_ms": 153.09548377990723
    }
  }
}